,name,ra,dec
0,vega,279d14m05.0452332s,38d47m01.2802416s
1,polaris,37d57m16.418412s,89d15m50.792292s
2,m1,83d37m59.88s,22d00m47.88s
3,m42,83d49m12s,-5d23m24s
4,m55,294d59m55.6512s,-30d57m53.1s
