,name,ra,dec
0,jupiter,2d54m16.07226399s,-0d05m21.42031763s
1,mars,65d31m50.35118622s,24d24m22.55307728s
2,venus,316d00m48.94764022s,-18d23m25.19908752s
3,saturn,326d11m17.74248542s,-14d52m44.65625976s
4,neptune,353d51m17.03655566s,-3d56m32.64388483s
5,moon,188d26m39.35541375s,-0d45m02.78399799s
